{
    "$schema": "https://schema.management.azure.com/schemas/2019-04-01/deploymentTemplate.json#",
    "contentVersion": "1.0.0.0",
    "parameters": {
        "virtualMachines_UBUNTUVM_name": {
            "defaultValue": "UBUNTUVM",
            "type": "String"
        },
        "disks_UBUNTUVM_disk1_dca269d1a3ab4081b3e9c1de570286e7_externalid": {
            "defaultValue": "/subscriptions/3bc037e8-16d9-41ed-8f5f-149eb5e80111/resourceGroups/LABS/providers/Microsoft.Compute/disks/UBUNTUVM_disk1_dca269d1a3ab4081b3e9c1de570286e7",
            "type": "String"
        },
        "networkInterfaces_ubuntuvm539_externalid": {
            "defaultValue": "/subscriptions/3bc037e8-16d9-41ed-8f5f-149eb5e80111/resourceGroups/LABS/providers/Microsoft.Network/networkInterfaces/ubuntuvm539",
            "type": "String"
        }
    },
    "variables": {},
    "resources": [
        {
            "type": "Microsoft.Compute/virtualMachines",
            "apiVersion": "2022-08-01",
            "name": "[parameters('virtualMachines_UBUNTUVM_name')]",
            "location": "westus",
            "properties": {
                "hardwareProfile": {
                    "vmSize": "Standard_B1s"
                },
                "storageProfile": {
                    "imageReference": {
                        "publisher": "canonical",
                        "offer": "0001-com-ubuntu-server-focal",
                        "sku": "20_04-lts-gen2",
                        "version": "latest"
                    },
                    "osDisk": {
                        "osType": "Linux",
                        "name": "[concat(parameters('virtualMachines_UBUNTUVM_name'), '_disk1_dca269d1a3ab4081b3e9c1de570286e7')]",
                        "createOption": "FromImage",
                        "caching": "ReadWrite",
                        "managedDisk": {
                            "id": "[parameters('disks_UBUNTUVM_disk1_dca269d1a3ab4081b3e9c1de570286e7_externalid')]"
                        },
                        "deleteOption": "Delete"
                    },
                    "dataDisks": []
                },
                "osProfile": {
                    "computerName": "[parameters('virtualMachines_UBUNTUVM_name')]",
                    "adminUsername": "azureuser",
                    "linuxConfiguration": {
                        "disablePasswordAuthentication": false,
                        "provisionVMAgent": true,
                        "patchSettings": {
                            "patchMode": "ImageDefault",
                            "assessmentMode": "ImageDefault"
                        },
                        "enableVMAgentPlatformUpdates": false
                    },
                    "secrets": [],
                    "allowExtensionOperations": true,
                    "requireGuestProvisionSignal": true
                },
                "networkProfile": {
                    "networkInterfaces": [
                        {
                            "id": "[parameters('networkInterfaces_ubuntuvm539_externalid')]",
                            "properties": {
                                "deleteOption": "Detach"
                            }
                        }
                    ]
                },
                "diagnosticsProfile": {
                    "bootDiagnostics": {
                        "enabled": true
                    }
                }
            }
        }
    ]
}